source_id,ra,ra_error,dec,dec_error,parallax,parallax_error,pmra,pmra_error,pmdec,pmdec_error,ra_parallax_corr,ra_pmra_corr,ra_pmdec_corr,dec_parallax_corr,dec_pmra_corr,dec_pmdec_corr,parallax_pmra_corr,parallax_pmdec_corr,radial_velocity,radial_velocity_error,a_g_val
1360113239523748608,258.926192044811,0.05239631489742514,42.3657380190118,0.062225984443295884,5.447917603010068,0.0646209728281917,-1.7640779649828644,0.10668330931481865,13.002062418360502,0.12288373188588828,-0.0628363,-0.10173551,-0.1528587,0.29338384,-0.25842282,-0.32345647,-0.31070936,0.06004593,,,0.232
1360113784982850816,259.0399413618041,0.08297148157556125,42.25820554656737,0.09510967138854111,5.451243048854177,0.10097241358804347,2.009151974823274,0.1802606452250788,-50.09895978528722,0.192838731893375,-0.074507125,0.079396695,-0.0730128,0.31991068,-0.15048565,-0.09244007,-0.15779392,0.07341002,,,
1360127563239079808,259.4358488840613,0.2378042236403288,42.417887549235665,0.2573790655375511,7.470260170142389,0.26652221815662136,5.925571656522427,0.5254857897346271,-35.27197565508689,0.6164427370279925,0.11037377,-0.18187004,0.009195731,0.023789844,0.009324392,-0.27052715,-0.07531829,-0.17475714,,,
1360097773344574592,259.18636252979985,0.019034921174238818,42.17568878826881,0.021897751641582964,5.362387006208908,0.022977090055385396,-26.183178442172363,0.035129517198655646,-51.22226086501823,0.041503136075345795,-0.33558545,-0.07120264,-0.0486797,0.14457774,-0.14995587,-0.3676298,-0.23666322,-0.1355267,7.56537959639744,0.963481560673584,0.008
1360107295288989696,258.90600607271506,0.02857876591600024,42.180244706537145,0.030278078728395677,5.777011919149273,0.03349239277266475,-17.33971456399223,0.05737512189189565,-58.59444911359665,0.05910886315300148,-0.0701282,0.07239448,-0.0764703,0.33918905,-0.20850311,-0.23137328,-0.31105328,-0.058166217,,,0.172
1360124505221018112,259.5610674244997,0.02382578133981292,42.33993642072895,0.02927812435472863,8.85800862081054,0.028104837077978003,26.413733402469866,0.05240243176618656,-4.24933460054633,0.06582891984913379,0.038182005,-0.11352087,-0.044523604,0.06723842,-0.08689015,-0.37366772,-0.12923013,-0.047946144,,,0.383
1360129938356716160,259.6474262410796,0.08516247590753215,42.553829282878034,0.08842297640853362,5.200512853398172,0.08784348753132173,32.68524169617391,0.18161504321437316,57.393892077887074,0.19791788026173843,-0.034443177,-0.10958256,-0.3062147,-0.030948514,-0.30788854,-0.335993,-0.014962648,-0.041583378,,,
1360117397052152832,259.2435253787424,0.018621486401709023,42.43513479748319,0.02099860760668225,6.633078922761207,0.02252355516781621,-35.16062238709176,0.03715473887760171,24.769805854854695,0.04269940366968156,-0.056694496,-0.24983266,-0.053048342,0.10666643,-0.087009095,-0.1971795,-0.31854942,-0.16678342,-53.07251804647165,0.6938261585587635,0.194
1360107467087674880,258.9702017053776,0.22276289511161515,42.186731173563075,0.25956750423738745,8.127202979844652,0.27536634232430734,7.971964336789227,0.4750700975263906,13.004941313586915,0.5638034311443172,-0.038939863,0.057099625,-0.0030952937,0.2074648,-0.07219472,-0.1094396,-0.13281791,0.17375438,,,
1360126742900971776,259.36491915387995,0.03498496631710868,42.3399641157027,0.03976914030741717,9.262308101009248,0.03981671565851801,8.142020715501191,0.07711364961621987,15.691496844081758,0.08440053898857433,0.11349271,-0.15563393,-0.12033623,0.050862323,-0.15347053,-0.3931893,-0.1845902,-0.11352899,,,0.0987
1360100698219201280,259.08127210197824,0.2023762322125647,42.17300598654862,0.22245980090547138,5.228712153367168,0.23864634543188082,-24.71666616607481,0.4271228943678053,-73.51054851384302,0.4883733446523137,-0.10020265,0.11323699,0.012472246,0.21677783,-0.03757928,-0.006235555,-0.12996799,0.09884422,,,
1360133133810720512,259.78596964355904,0.23714260912929472,42.566649874205545,0.23880112055474478,14.758407232982334,0.2508117616585071,-14.21342174350169,0.5261227714187974,92.8102324299036,0.49980547949666754,0.051158052,0.0015202172,-0.18069224,-0.04706388,-0.21783587,-0.25934264,-0.119876236,0.03652022,,,
1360099628770444288,259.25942453331174,0.03466834663985459,42.23666456512703,0.03713295503018637,21.083673308390356,0.04026107869236212,-32.51685990276027,0.07131116588408812,52.14228363321452,0.0757361178417712,-0.104892746,-0.040461946,0.021311816,0.16486433,-0.06242514,-0.28427973,-0.23824885,-0.1471149,-10.95268542671595,6.153110899942846,1.015
1360097708921947776,259.19014143095615,0.018127534641138122,42.162361124198426,0.021360387152366312,20.939576477142417,0.02231915160381352,-33.28779211065232,0.03440559733983331,51.99545898300428,0.04026507033453395,-0.40637684,0.042986766,0.1615249,0.120915964,0.056872543,-0.2871727,-0.20413549,-0.12883194,-17.458317368694498,0.7344499104521283,0.024
1360237381257833088,260.44984334950414,0.017997008405895912,42.91594880686986,0.021688430675798946,7.46758834249369,0.02158010398662076,-117.73888114477566,0.03888220548423846,-52.73567820936344,0.04207457636666099,-0.23328106,-0.08894746,0.027148342,0.3084352,-0.03675702,-0.341112,-0.0733377,-0.0966681,-8.580366943009746,0.35542627225193474,0.085
1360144502589284864,259.3710650699754,0.05988088878633182,42.57578978274371,0.059262725947596774,5.102274962057611,0.06597281231830877,-4.683150620268476,0.13399761284313502,-1.4104322492930395,0.1264963071383919,0.017134206,-0.037965346,-0.107020184,0.023268044,-0.12034945,-0.19708689,-0.06799244,-0.21672767,,,0.1887
1360314037834241920,260.4466897584007,0.048697458203389984,43.480875586767496,0.061018999886498095,6.246591247895358,0.06246363351906274,-15.663493169772133,0.10423339849388291,0.8756169605915355,0.14813492240614404,0.09913309,-0.045294575,-0.12639321,0.02211629,-0.16958575,-0.25840876,-0.2909598,0.30167606,,,0.02
1360216181300164224,259.26848255839417,0.030576216670091794,43.0250260508371,0.03387605042072537,7.8740911736313635,0.035285444841545374,19.474754783262828,0.06575436939022766,-50.34824284820476,0.06832254091878262,-0.17088638,-0.08285545,-0.1656174,0.23573054,-0.22241628,-0.22689651,-0.16911283,-0.027135462,,,0.3157
1360262841824054528,260.5113459789757,0.013711619460005943,43.368613256495415,0.014556213440883368,5.301767171907723,0.015254995932443123,-3.77387568003052,0.029569766997761364,17.059836289878067,0.029472766466068924,-0.006706701,-0.14578198,-0.10863977,0.18450892,-0.13816075,-0.21039656,-0.14120886,-0.054244746,,,0.046
1360219308036293760,259.5545406143392,0.03375701870731279,43.046557649642885,0.03390144651554953,6.627342424102412,0.038412444055604955,10.250611700862617,0.0691653577818652,-100.87490986640877,0.07791214215224547,-0.28980142,-0.011927586,-0.06360396,0.063282564,-0.09520033,-0.015982725,-0.22119695,-0.12610382,,,0.204
1360143922770250240,259.60364698232,0.04495235766194036,42.6677082613292,0.047718225732242416,5.984337680980578,0.05017452884943021,-59.565481077409046,0.10188299788419661,-66.31591556168931,0.10928713335411999,-0.22679041,-0.09148648,-0.14759497,-0.050226435,-0.15729392,-0.19235575,0.030638708,0.08534868,,,0.0955
1360251571829774080,260.0318973899226,0.011508718205013705,43.03682178973542,0.01355702898581074,8.563049851856864,0.013249113172164957,34.279558331747005,0.025782652358660958,-4.0161025411777125,0.02828330424545498,-0.1802439,-0.21744423,-0.13181189,0.18360257,-0.15902793,-0.32292494,-0.056355182,0.018143864,-3.8071809011650846,1.4161581848457767,0.2253
1360179343364098176,258.8924347298529,0.11226256231816967,42.68383394101508,0.12820946331763539,5.052617963630716,0.13194648883301718,0.8695050570906393,0.2562199307207396,-0.8005315522916734,0.2520046534559429,-0.20386036,-0.16557546,-0.019836083,0.2688207,-0.018212985,-0.25960082,0.040990602,0.05331518,,,
1360307715642367872,260.39149799652614,0.03850698806141953,43.30741467102598,0.04179537559225782,9.016444247752895,0.043371884683891276,3.2395482180492206,0.08385174776266908,-11.194776614556005,0.08605438813618396,-0.10818322,-0.16560115,-0.097215116,0.16811165,-0.12581944,-0.23532714,-0.13189021,-0.0059439675,,,
1360268579900329984,260.6181388185346,0.023523374423645237,43.18292409706317,0.028497335384165476,8.356511363204236,0.02796256215544552,4.194265199110166,0.05547796454237249,36.67281772051619,0.060633220623664386,-0.022291178,-0.15393151,-0.049859412,0.13993749,-0.06323301,-0.16153266,-0.07953957,-0.10652186,,,0.429
1360312044969418880,260.332244009663,0.03132898213301321,43.39906469273545,0.032981668166784356,17.73020064946435,0.03468704139087262,-86.9335670534521,0.06864535691322912,-23.699895382575697,0.07242206891930368,-0.0983594,-0.116878524,-0.0266696,0.016058067,-0.034898054,-0.1607485,-0.10166796,-0.07298474,-35.07527145069896,1.2845535426285895,0.113
1360210683741973888,259.2956829511593,0.19147587976024463,42.87986519117251,0.20304604633856999,6.7308010126592706,0.22260278066966271,25.07587515340931,0.42810527889542604,6.708037315469544,0.4427603715171921,-0.034178287,0.010477514,-0.1259008,-0.12936816,-0.09686522,-0.10702185,-0.28762472,0.027403113,,,
1360327541211494272,260.4867508191044,0.06422884559154132,43.60884398170091,0.06831521009588054,6.093121392123433,0.07245316769670358,-11.72097718482377,0.13575187861274343,7.309045872486339,0.14602411086772168,0.116653614,0.06429832,-0.047280796,0.1820872,-0.09069509,-0.24503335,-0.20849265,0.07731174,,,1.1743
1360158560018674816,258.6521258617036,0.13094598255453674,42.2711293691105,0.17564761116882618,7.296769302570121,0.16724247143074364,-14.623880911042715,0.27656403026059073,45.52358968447621,0.29667913388429307,0.1642515,-0.15373893,-0.22020106,0.3953749,-0.36453778,-0.43939915,-0.38624853,-0.1855074,,,
1360313243265942016,260.3333067223195,0.13293180755763284,43.45411624153657,0.1636102256366452,9.737405227632522,0.1531286193634194,68.05522091271938,0.31381456289795256,-0.3171936903320861,0.36064834233425913,-0.026401006,-0.17157085,-0.16843918,-0.14292717,-0.2159655,-0.49001625,-0.045560267,0.34095863,,,
1360238579557071360,260.413065758844,0.2272699642535456,42.96092723592004,0.2668806412416553,5.440769157148606,0.25622649657990454,-21.233717072845614,0.5075014664127216,52.31861684624326,0.5630068302671754,-0.051830728,-0.22020736,0.102270484,0.1514833,0.07966511,-0.358543,-0.15375338,0.07636366,,,
1360183195949487488,258.80269004773476,0.10301050437596047,42.734686253120245,0.1167793997801639,15.085366528634825,0.11931535162580045,49.721902391933426,0.2309798059010162,-51.04348775583579,0.22364521785630553,-0.19344854,-0.20893604,-0.073117964,0.2889967,-0.13174853,-0.30893457,-0.12838744,-0.024742465,,,
1360191923324889984,259.07122237264514,0.042971206185548116,42.914531387160885,0.04415999644882511,12.096919192962638,0.04612169290159537,61.082177479404095,0.10149243655529734,53.4589631278898,0.09347080546279819,0.01209924,-0.3040601,-0.09117246,0.26120847,-0.09387736,-0.30479354,0.008650587,-0.15457629,-18.654371480404745,1.5095823448674293,
1360237067725277440,260.38692483394914,0.08236852207407346,42.888008596783145,0.10734361887393806,5.511017015119598,0.0982362436488844,-8.371019188401593,0.17485132912091436,11.466495202146152,0.2168094426570399,-0.16623628,-0.12106767,0.10535843,0.01132586,0.09879045,-0.5460971,-0.2769144,0.20559442,,,
1360223912241254528,259.5815511643015,0.0425801848673092,43.17887389319328,0.043461632553588675,7.343027907024067,0.048494195941609454,16.400244751234155,0.08741702312183451,13.97592169574036,0.09523587890852747,-0.2256131,-0.064195745,-0.10964487,0.13194014,-0.11295201,-0.061332088,-0.2456075,0.035897173,,,0.3315
1360260157468076928,260.31913981171755,0.07267263690148879,43.236891714419066,0.08200108826886711,5.222118157208428,0.07367384032248965,-4.679256712365522,0.17186570021516334,-55.178191067195996,0.17745775331619904,0.040527757,-0.4160531,0.29594666,0.022724267,0.2904715,-0.5202429,-0.1497474,0.13028915,,,0.0403
1360312315551159936,260.31772664572134,0.11424784563899881,43.41229563282577,0.12342097100840085,16.751092036988506,0.12676027160829517,22.196718352068665,0.25322423719703113,15.30852691246411,0.2775019553668637,-0.024138266,-0.02352123,-0.056965698,0.008627338,-0.06410703,-0.251235,-0.11407587,0.116217405,,,
1360237480042069504,260.41879725444824,0.01962187635803779,42.9019993445988,0.022328986988205145,6.97300926056608,0.023044632734847876,-24.98761307675008,0.038210044482625605,-23.071676457108516,0.042959191992960645,-0.3718917,-0.17025818,0.1355964,0.3066728,0.059660096,-0.37849188,-0.13053797,-0.07334832,-47.92592484114654,0.7135769693264697,0.1733
1360234529399527424,260.1656399974865,0.02283315015571047,42.851203639239074,0.022513662629037007,5.604285509635921,0.026059405317800932,-32.112952168895504,0.04502951872625874,13.435215121669753,0.04310344883396198,-0.3926299,0.10682797,-0.008284198,0.248813,-0.12971458,-0.24818374,-0.20921922,-0.060658205,,,0.1393
1360243566010946176,260.4543655024588,0.017180395822935665,43.048804017116915,0.020709308959915382,5.123443877212456,0.020108974660140822,10.065384145433713,0.038365029800680815,-29.23146180952002,0.04124096423055802,-0.12687705,-0.171613,0.09767968,0.16606776,0.10157241,-0.23482037,-0.004161556,0.021974392,,,0.382
1360217246452019840,259.41427381683246,0.05298756650560651,43.071549262329995,0.0549836450566515,11.45173686507739,0.05951545412555385,-16.70461818810255,0.11139461776208313,251.46739336046429,0.11058862456939803,-0.05561545,-0.18419611,-0.08228054,-0.021284616,-0.079657085,-0.23903897,-0.30424288,-0.06280473,,,0.1995
1360239786439728640,260.6091318069028,0.023829268236155905,43.031174817374726,0.02739373341692172,8.921267071623888,0.027978800956034434,-39.51665514555271,0.052550418524043144,-28.998375122821937,0.05760175152262981,-0.2423062,-0.027443558,0.07876449,0.03796663,0.03309296,-0.20094551,0.015812483,-0.13645783,,,0.3113
1360235560190381440,260.153248551189,0.12834672886238674,42.88751465661018,0.14078669134414393,19.011455135871767,0.14992091734159213,-123.42720200111508,0.260353624354595,24.666079312850705,0.2637333239020711,-0.30165756,-0.01671374,0.013122498,0.23655148,-0.10413124,-0.41175225,-0.30550992,-0.014294994,,,
1360158216421280768,258.7870320453482,0.02986641657960308,42.312124682085546,0.037140729389804415,25.350857600011693,0.038201603219243305,188.14907868551424,0.06079496310550834,-25.618003945919305,0.06644874022153827,0.026615627,-0.110162355,-0.1019062,0.3617911,-0.21953179,-0.24053636,-0.32297182,-0.06549834,,,0.166
1360231368302279808,260.2071483198907,0.25035083902368493,42.820813105467884,0.2714330303835966,11.628473254327908,0.3054000067813598,16.495334362337115,0.4857966124249689,1.8995376164940967,0.5261900013694921,-0.35926569,0.10473308,-0.12291555,0.328049,-0.18675493,-0.12108493,-0.27470168,0.15110376,,,
1360195977773912576,259.45630505505073,0.017100994912013084,42.78096250288459,0.01775942501647302,6.02922875178685,0.019558693947112342,-31.754449371026443,0.037894243033857467,61.77293934033496,0.03845033060136856,-0.27623814,0.029325414,0.06681589,0.047267985,-0.010697871,-0.15200457,-0.09442905,-0.20921016,-18.256941054906193,1.0738583919515918,0.503
1360196939846587136,259.57237429637513,0.018330124248735383,42.88627183049257,0.018764443364139537,7.213591577445401,0.019962384640914623,-0.8338542524396901,0.04229027711546394,-34.45370028760995,0.03940148711629685,-0.21506119,-0.11181522,0.07415788,0.11985569,0.032496896,-0.30603182,-0.041242246,-0.14145258,-16.683133693633287,0.27202592736967285,0.22
1360193194635101184,259.37597705394865,0.02160176410609574,42.67615655528962,0.021129970035796485,12.872782156669937,0.02433258957565883,-49.44113790144511,0.05566078584147972,91.34052475174553,0.048763572976181044,-0.1243211,-0.18506537,-0.053515412,-0.0132518485,-0.09290204,-0.008717837,0.20393185,-0.22562994,-66.2867464306959,0.3816055562979133,0.306
1360298880894527616,260.0541122093126,0.023676688605248044,43.10480895153877,0.029082270588787894,8.503743177062926,0.027456933348579123,34.6989844991387,0.05361953453300914,-3.743150966953917,0.05857998347687224,-0.033809926,-0.2591971,-0.13107276,0.3073351,-0.18993075,-0.4288684,-0.10364758,-0.04553753,-3.009062372729912,1.4378759561895478,
1360176495802119040,258.6058300671802,0.01691910037348188,42.50799354560557,0.019674740111055557,5.321927817902226,0.021123169386987384,16.35234209897237,0.03413784356864685,-5.247993116041972,0.038106430747481955,-0.2789326,-0.05442426,0.011263851,0.28142816,-0.06729181,-0.21195187,-0.17951763,-0.046113774,-8.555601770055258,1.4238093576093345,0.224
1360177079917670528,258.7031585653312,0.06926962405287951,42.57038676095739,0.07271481386264073,6.0652483798920045,0.07252035990066835,40.428337252542896,0.20722903046223268,-35.89349519269048,0.15050302690093212,-0.25800523,-0.286466,0.3274946,0.15714613,0.29396847,-0.4465053,0.422225,-0.40250787,,,
1360177079917670784,258.70358402316594,0.020937293073675062,42.570857965909354,0.02252828145526205,6.163978465631823,0.023939258426871016,40.37637117863824,0.041887889895210514,-36.80889076224649,0.040993649422037495,-0.3800732,-0.249772,0.117576204,0.18090977,0.082092874,-0.30801973,-0.051372264,-0.1273141,5.718465263718008,0.43382068568939147,0.608
1360163198583364352,258.6997441449268,0.10395698823313272,42.42119800940134,0.14210973805578456,6.200149026397283,0.13894770142293184,-30.268046871362042,0.2189789274866843,-6.64079286831427,0.23264330127043104,-0.09756647,-0.13119254,-0.17352606,0.48631093,-0.37292737,-0.46217132,-0.37783808,-0.22651197,,,
1360154608648898944,259.6688991365221,0.07190208353278076,42.82965590085512,0.08093394496519155,5.401395766601107,0.0822004177496583,21.03646850504741,0.16336702716808996,-10.746249672387503,0.18325239616377445,-0.13748644,0.11415344,-0.06783177,0.0027573404,-0.10859126,-0.16347681,-0.18711184,0.026430957,,,
1360298885189532928,260.0543423569351,0.029064650735542995,43.10446832145202,0.02847653600766945,8.540183869197334,0.028406090811884024,34.195000607132926,0.05528558240658423,-4.6067515966945765,0.05681038298902877,-0.21046463,-0.22350815,-0.280323,0.25813413,-0.40416986,-0.598139,-0.32073358,-0.14122537,,,
1360200478899655040,259.46264888706725,0.0219368319226109,42.89659839107508,0.02307227936050045,7.959324170731061,0.02542897082719917,40.427681001021924,0.05091689419801039,18.16237765409582,0.05057322479481004,-0.16051781,0.06449224,-0.0013418389,-0.07824509,-0.04660284,-0.035274927,-0.15325236,-0.24362998,-6.608772167169656,2.2495856252394475,
1360300293938809088,260.046201816477,0.09972453762773624,43.18067406978041,0.1307391296844679,5.696389767985643,0.11685295942359183,-10.317570040307428,0.21588340098252548,3.624844242061233,0.27371881491341804,-0.13526501,-0.32938954,-0.053076454,0.005869815,-0.053251315,-0.4906731,-0.19134879,0.17635797,,,
1360162717547023616,258.7402551382531,0.05880429251889103,42.4059694348353,0.06757722415275376,8.592899631515918,0.07407062787859366,23.59700831790145,0.11759912407732133,23.679609186999485,0.11687676271170713,-0.20649107,0.0680696,-0.10632745,0.37306336,-0.29436707,-0.33572367,-0.38520175,-0.15291612,,,0.2403
1360255351401012224,260.30390994559303,0.06794069068079306,43.09105161852739,0.07589623151859144,5.000138522266701,0.07528646616823212,0.0619967498884364,0.153270371096605,-8.655467417018045,0.16250770579428536,0.04189359,-0.30611703,0.11011565,0.11494378,0.082969256,-0.33756712,-0.14672376,0.16506425,,,
1360173192970270976,259.1124853475616,0.021758475951861436,42.65644192627764,0.023745484799913192,14.059674773438035,0.025768509420123396,-4.392941599831993,0.05028378826186548,55.43737956509784,0.0461924961332961,-0.31470343,-0.24836287,0.06763224,0.35147998,0.09841523,-0.27792227,0.18757367,-0.09893425,-26.99904860232373,0.6910491048211119,0.441
1360171960316701568,258.9889862318424,0.036718993966809534,42.61767113318642,0.041791475277708455,17.402050938271778,0.042981714554034704,-41.70620992577586,0.08144207103217324,27.183084243413756,0.09006266699342348,-0.11791767,-0.02961,0.014171802,0.082131825,-0.01424463,-0.17359483,-0.049011707,-0.026044644,,,
1360139833961363712,259.9474300928482,0.020252824011527473,42.798156957875,0.020924774128757366,13.460404238713679,0.023238379246551026,-0.5513063931214806,0.03962617115978046,75.44161771317326,0.04225872432735735,-0.33058378,-0.14583826,0.029460384,0.25715196,-0.007823361,-0.21567199,-0.0653059,-0.049280625,-22.260478552932348,0.37483794999721703,0.043
1360369150858339712,258.67096143491955,0.011040210871369948,42.6747046827537,0.011610548015878661,5.717830785016747,0.012230170757116245,-17.79382230681288,0.02225031179404709,-1.6599762994334608,0.02206429736644727,-0.3440171,-0.30213052,0.040421177,0.1545373,0.009133361,-0.31557208,-0.02861487,-0.101116225,,,0.222
1360424985430821632,259.31426068286225,0.026317989989787113,43.41267787067843,0.03577734117983909,5.738805132685903,0.03654867325815794,17.53152763114695,0.05610755890066254,-24.72907880181953,0.060617145827753474,-0.08799052,-0.021783585,-0.14594835,0.42737526,-0.22735143,-0.12954037,-0.062513314,-0.33265382,-6.613230616219815,1.1224481458280722,0.026
1360470615163605248,258.80944462862993,0.26910579523352324,43.613868523751016,0.27283141685328993,5.851234871124095,0.26688314686552567,-2.627807078025856,0.5751358048711389,-45.73739579121202,0.5400783268474648,-0.16645305,0.22637919,0.121026024,0.044701632,0.023834968,-0.4491052,-0.21745773,0.0010469061,,,
1360516863370026112,260.10737063188316,0.014997745210285105,43.71383479173556,0.015511988974033464,7.776381799383966,0.016108839792719588,15.61381999758559,0.033443353217633545,-3.9785652096281114,0.03370544955959563,-0.0696016,0.21375954,-0.0076037124,0.072480336,-0.101339646,-0.26023027,-0.06931796,0.005653533,,,0.496
1360424985431402624,259.31169417036904,0.16174158125377552,43.410171499351065,0.15170153683735443,5.469328678497726,0.16690169729778648,17.655047725464904,0.4358930732271664,-24.048907207907735,0.3179897184421308,-0.22610329,-0.26889166,0.057310592,0.3708925,0.10824596,-0.33469817,0.1884462,-0.055930406,,,
1360523460439876864,260.264245445723,0.04378461969375145,43.81424730696338,0.05538199584843435,15.30764148260572,0.051171380037349015,-90.15951472848101,0.09308795066181291,-60.27325046950848,0.10607122413744732,-0.15175548,0.017667506,-0.07509234,0.12094018,-0.14151008,-0.40617505,-0.14869061,-0.06555505,,,0.294
1360454431729839360,258.9568182856625,0.016316361404538713,43.442833242638144,0.01843116693796545,6.63419242708442,0.01876793682556219,-8.98231371067771,0.03245454493388366,36.18695839330793,0.03837742776505188,-0.2502457,-0.22277592,-0.15194617,0.11013413,-0.17595631,-0.23763892,-0.18831874,-0.03991227,,,0.192
1360441649907163776,258.7056988076041,0.03580340875344833,43.19802244311774,0.036398271721439376,8.78296624611375,0.03845912808218984,25.55290616873527,0.07826070416003834,-127.64663017524424,0.08152383934691912,-0.070482984,-0.102719285,-0.13771868,-0.023693293,-0.1550703,-0.2710567,-0.07434146,0.09636268,,,0.1785
1360477280955964160,259.39476556243943,0.05415106783284073,43.61913133464309,0.06811711392074946,6.847952553437623,0.06513099018840081,-66.62154185971158,0.11489517188181807,23.496709706400004,0.134035881755907,-0.050823364,-0.061178125,0.10270652,-0.022315111,0.06798358,-0.40605092,-0.31524643,0.03014755,,,0.8185
1360441787346113664,258.73746490248016,0.01211667923253177,43.18919508675916,0.013721817364272354,7.312798873026542,0.013535261051804512,-9.957784789177756,0.02694469973278498,6.786394738801384,0.027058313479467494,-0.070967555,-0.110224694,-0.15851851,0.11346943,-0.18777083,-0.3771229,-0.030238185,-0.12250074,-42.48363274317519,2.444769532039196,0.1625
1360447765940585984,258.8183016428267,0.06778100434451156,43.23132234216859,0.06642135014149593,5.355718595775121,0.06571518838737425,-17.792379025861397,0.15059937272098553,-32.272982581993055,0.13095022557169675,-0.10482531,-0.33018133,-0.17565939,-0.004800687,-0.1864425,-0.4353714,-0.009670406,-0.0052925535,,,0.457
1360520402423152640,260.35235788388843,0.018451017040875848,43.73715272547845,0.02163859051094017,6.270275343222672,0.020656279189691543,-49.961696790266565,0.03832223128825285,-16.691717611914363,0.041767883098573065,-0.13436902,-0.10859761,-0.106914446,0.18343525,-0.17422856,-0.5066944,-0.2054452,-0.12209791,-32.282227331041796,0.835630265525531,0.1242
1360480132814257920,259.13179771761787,0.031750143917571895,43.63835099017568,0.03443349323438789,5.089701361158502,0.03069266439254671,-11.082725120284303,0.065480374892839,23.57000476901315,0.0717498342574314,-0.06107266,0.36664873,-0.0014782897,0.0031866797,-0.08468758,-0.34939492,-0.13618447,0.19452244,,,
1360428180889685248,259.35270311333284,0.03607396658213241,43.463219463140376,0.04221173608989989,6.321556170401488,0.04578137388315024,21.618174660308146,0.07805432446612115,-18.242113207319683,0.07453191630748134,-0.032083377,-0.12775451,-0.14509177,0.4976429,-0.2824249,-0.23527563,-0.29153147,-0.06712613,,,0.3177
1360432437196350720,259.6653530702093,0.017561081101164725,43.54509516581498,0.01971484251442456,11.965093278150132,0.020768237765870144,54.79574808378123,0.037051709150443195,-24.304912536910166,0.039977293972679,-0.10435913,-0.086646296,-5.642105E-4,0.14328241,-0.058636174,-0.3210553,-0.19517766,-0.25726363,-20.16512295209465,0.4744319413142416,0.9117
1360435671312795520,259.46697980026414,0.2269151376249295,43.57860976396709,0.18796460258437114,5.07598920425061,0.19451417316778977,-37.88735607704454,0.44052723712000313,20.238849621419227,0.4196039709961567,-0.0023573244,0.5638399,-0.0843043,0.030518081,-0.21994083,-0.18259789,-0.26601732,0.17336494,,,
1360492605399288192,259.1418509511715,0.025437385765367818,43.702727241064366,0.031035406636474385,5.437089687674366,0.030473759150331976,4.185011662915086,0.053878159151511555,-58.02536289402822,0.06438248479663172,-0.17779545,0.06819708,-0.05566478,0.16278546,-0.10395234,-0.29665917,-0.07292231,0.10304483,,,0.021
1360405297299715328,259.25359659520336,0.39873160712758177,43.13237778202619,0.48926585262803074,10.941896914916464,0.45283336017898546,-16.670435773082588,0.883227384000327,3.181131988575359,1.1193761472031143,0.43985882,-0.5626161,0.15350921,0.34378478,0.45899123,0.6777224,-0.19915567,0.4710097,,,
1360497243963972736,259.06510707911775,0.018610672320454356,43.77934249425896,0.023100624845034858,8.272770004232433,0.02193564315407571,39.799703438992175,0.04023493119259017,-9.218051275744866,0.04820548277300628,-0.080454014,-0.14989345,0.035519466,0.14135203,-7.1583077E-4,-0.3633274,-0.12828924,0.065856084,-5.567976107198371,0.3981917295686342,0.073
1360534554339321344,260.08804574234057,0.12526587481600532,43.94533644336917,0.15287973820807294,5.025091513402887,0.1463610171909341,20.91605899716852,0.2793092904811292,-57.21139004088339,0.3233155694289876,-0.03661625,-0.08840661,-0.0741394,0.023168238,-0.12075909,-0.33600402,-0.19072196,0.08938649,,,
1360440889693124096,258.5679809348943,0.025318534065517262,43.16109152339088,0.027324280364736348,11.730736462441802,0.028145336016289452,-6.220822398696512,0.0564611192423138,36.55241710583588,0.05683819129721566,-0.059670843,-0.21944124,0.04915736,0.2026645,0.021822697,-0.29614875,-0.102721006,-0.07951248,-67.35628094802253,1.1370997283668385,0.489
1360440893989831168,258.5694981191565,0.2089506471781223,43.16098919837802,0.3233084247756073,11.381100207632434,0.2858127626568799,-3.920466139088042,0.4503967835186637,38.74074968203155,0.6582826263624504,0.35335156,0.08807431,0.16104892,0.49875298,0.13505638,0.47927967,0.0015211862,0.23721471,,,
1360498309115994240,259.2192880354853,0.058728186174532564,43.82021073676086,0.07065093126089117,5.840056767868351,0.06950604767624324,-16.161140298117587,0.12928315513830246,-12.133666229755399,0.14778500504111736,-0.24662046,-0.11744605,-0.072194256,0.19233039,-0.073976554,-0.36699226,0.059206605,0.087880865,,,
1360509334296190336,259.86642955618487,0.08679765826786226,43.433031903330196,0.05810998727932665,5.833286297542886,0.07953072692651957,40.21933486334497,0.16681078138625344,-69.17442705107223,0.16408321438693155,0.34908548,-0.32914507,0.46865493,0.044158258,0.23956248,-0.22503842,-0.45915005,0.29002178,,,
1360381309905667840,259.1361882952707,0.019882311733472154,43.04140535790677,0.021851393663711655,7.770711122901807,0.022891407276683384,-12.26679457792192,0.04267963798054581,15.016717235581716,0.0434919992282789,-0.1297365,-0.29381958,-0.1439196,0.3396183,-0.21773882,-0.29364166,-0.17192268,-0.17573254,,,0.6352
1360409386112763648,259.22570585382005,0.06035198515074117,43.20031659357378,0.06473851771155335,5.4438287189216075,0.06753362215384189,18.17725443761223,0.1297012971470431,-22.121499221752963,0.13803343719580685,-0.0146904765,-0.067787945,-0.016419854,0.12911196,-0.06488431,-0.24851272,-0.13987428,0.12902887,,,1.082
1360428799365121408,259.3928114979676,0.016529411966570602,43.501493323906736,0.019432144941926698,6.6452874367146295,0.019801274356824914,-24.47286695258851,0.034285060900274875,-32.44963536392644,0.03573165752645753,-0.11328483,-0.14326215,-0.07796244,0.35424697,-0.18093021,-0.36073142,-0.1899084,-0.23813283,,,0.1075
1360529610832980608,260.02059196903843,0.03415280768577329,43.79690485137157,0.03902210409160959,5.233753434195005,0.038103382588209736,5.633657287715203,0.07160236743130742,16.286390209923812,0.08335556665862354,-0.09617569,0.045896858,-0.1781929,0.016188722,-0.21598324,-0.28454742,-0.109390214,0.031778578,,,0.2417
1360527446169462144,259.8949291717671,0.08219545258349006,43.677633992954696,0.08049197876279712,6.213052417347832,0.0877541135944538,-13.92470152892279,0.19262748242403482,22.748263374554746,0.18435811689617262,0.14050391,-0.106853165,0.018449765,0.009673376,-3.776938E-4,-0.28062612,-0.1872399,0.024285706,,,
1360401964409323136,259.01555573238363,0.04609213751634211,43.27106972926021,0.04870523255673712,5.963756222366525,0.05057910462115953,0.7112787051653877,0.09798229420286823,-16.63247036507486,0.09624612972876555,0.11968855,-0.11420933,-0.13649757,0.27170062,-0.19066644,-0.26734543,-0.13689247,0.020140504,,,0.1395
1360509338587547520,259.8666360103117,0.06381323142326578,43.43269635778901,0.06061864600323157,5.910909800234765,0.06741994488527311,40.291572019208914,0.14103166497894437,-69.77517915722115,0.133469558505884,0.17440414,-0.1770943,0.01837118,0.23316199,-0.0024501532,-0.26298028,-0.054206755,-0.03377005,,,
1360386502526223104,258.5283586623199,0.05605039121268669,42.86560056083577,0.06076008675536645,5.064861030478435,0.061881573114021905,0.15172283763191796,0.12243998133615015,48.17204524139704,0.13382958724220562,-0.07609597,-0.1839379,-0.13813604,0.085234225,-0.1573835,-0.27598292,-0.10422573,-0.009265651,,,0.17
1360414196475355136,259.6013991331717,0.02455218478897961,43.325178227932994,0.02455592813111842,5.084327981185952,0.028104805317819236,-26.23532091734134,0.04949434172918889,-12.006412111723598,0.05192873771296472,-0.3633168,-0.08547233,0.089585975,0.08245102,0.022203652,-0.1332288,-0.16492389,-0.176071,-62.88024523493564,0.18182944987950242,
1360518375198500992,260.1645738111357,0.03531870511840881,43.63650036235128,0.035981698252825926,5.44657215237584,0.03772942827867281,-11.480850970804571,0.07394813722091771,2.646854819403425,0.07681216368121699,-0.0329911,0.18202956,-0.15862653,0.019952375,-0.190644,-0.2576237,-0.20288561,-0.04503645,,,0.22
1360517894162186496,260.04709584242306,0.014270483280230645,43.74631914484702,0.014072598488754034,10.999813675702796,0.015414629810771064,-83.29497961700824,0.028927549872970998,-108.50378266588729,0.0297713993051189,-0.24974577,0.2036853,-0.015320572,0.12772617,-0.0851876,-0.20461592,-0.14225453,-0.03135068,,,0.128
1360388559810570112,258.73248325486196,0.1467226655429191,42.95741393164927,0.1702250353996483,5.711635480318302,0.16358054176530168,0.5485777487703452,0.33674467815996173,-37.433052120879765,0.32975874078054845,-0.084341444,-0.070189476,-0.07752113,-0.028320078,-0.11387747,-0.48489425,-0.030193519,-0.0616788,,,
1360480132811542656,259.1321718842126,0.05942836497206322,43.63850096253522,0.06750403554144979,5.020691089556612,0.0707425499297721,-8.428106784745454,0.1149334361507526,21.238598706274544,0.13291620056166306,-0.28122205,0.15093431,-0.0054525845,0.24569549,-0.111382626,-0.28119332,-0.20773159,0.09662142,,,
1360499541767251584,259.24429379108017,0.08406766090389547,43.88735004974315,0.11655610616316738,8.274028425648039,0.10721873976458056,-177.6012425695285,0.20418714874372684,-35.41795449272419,0.3255704643988861,0.21412918,-0.14761665,0.24554855,-0.20739983,0.19355702,-0.59209734,-0.2109306,0.47580835,,,
1360369150858339456,258.6713725657081,0.045380305212100853,42.67372375572046,0.047516738809379594,5.7194939720113425,0.050105695345518585,-16.422979358913043,0.09510815534988991,-1.6279322353161243,0.09215529053036867,-0.30233186,-0.2306725,-0.016267965,0.09125166,-0.043016627,-0.29267627,-0.03474346,-0.05407506,,,0.352
1360441649907164544,258.7007882225755,0.02867846509987207,43.19600884805438,0.029208637293354493,8.803048283328629,0.03093042916190615,25.702472666220828,0.06242145175914313,-127.20971304618031,0.06642454357032596,-0.08645281,-0.09415472,-0.13481046,0.01891758,-0.15308288,-0.25872788,-0.060151476,0.08677015,,,0.3805
1360501397192232448,259.46379487852255,0.12911407927474308,43.90278570890535,0.17914230472058923,7.456649010056482,0.15470893553891935,-71.51493996677522,0.3011711243325691,10.657875779500811,0.3771305024215044,0.20362714,-0.1089996,0.0016716329,-0.19988114,-0.046901826,-0.5267521,-0.1447024,0.15854266,,,
1360498240396521600,259.15939085143077,0.20827158508098834,43.885982056703014,0.27937703286527776,6.033574681747096,0.2528119548181837,28.121914196123992,0.4785704242567727,-54.69502400062635,0.6118619659281825,-0.11374926,-0.046478145,-0.09223571,0.11838308,-0.14882483,-0.352157,-0.03385378,0.04411246,,,0.4635
1360500027102918400,259.27646419074233,0.02158581497630429,43.93161039494468,0.023687140778047292,7.326918160710613,0.024617731338776074,-25.761896449003913,0.05330386282114639,77.10993383195574,0.051018218090472675,0.08323698,0.19906764,0.008202103,0.13284864,-0.02257444,-0.31432137,0.19407566,0.07272055,-24.941671698563432,0.2843600174323029,0.192
1360376675642140672,258.73866383481175,0.048442421079691426,42.92707069668336,0.05712777035516223,5.368155475289324,0.05516494719512166,12.198475940053793,0.11321772379477972,15.573763890486424,0.11447196093880961,-0.0435513,-0.08125154,-0.105791844,-0.09809161,-0.14025779,-0.3874137,0.078374624,-0.08414847,,,0.1892
1361224605260853632,258.94889801149765,0.023944526737419942,43.78046468559838,0.030510029739164616,5.4165076198331885,0.029509924946216137,3.659907995470661,0.048882184008903554,-86.87468426420256,0.06441605904505378,-0.32373565,0.0018787826,-0.10766712,0.0965878,-0.14470561,-0.36592004,-0.0733143,0.16286205,,,0.087
1361248553998674688,259.04317370427566,0.029636170752123086,43.863121176788404,0.038185649651207666,18.540937272290343,0.03409404177284599,-77.52762110968052,0.06647607406548389,31.39409701368457,0.0815494372488687,0.13222058,-0.18082717,0.22451364,-0.16512147,0.18213418,-0.5030673,-0.23083232,0.24231741,,,
1361236631169270656,258.3950697957401,0.14852028656073735,43.818783725714965,0.19156611606228663,5.810521384240344,0.18215296398596936,-9.386528089343884,0.3256331229609479,0.9966880166283906,0.4269910358259085,-0.1311294,-0.03777331,-0.12427313,-0.09524217,-0.099583365,-0.04335267,-0.24211271,-0.074843876,,,
1361242227510954624,258.92199376364306,0.11081295356683572,43.987939572458366,0.12372086531736282,11.051810906790191,0.12253132720992103,-17.511964032470612,0.24695594269246915,25.753599378875755,0.2517261795717091,-0.10401623,-0.2005268,0.12875107,0.14659284,0.07473047,-0.45187393,-0.21950091,-0.12294822,,,
1361254566952766336,259.0785216154512,0.10374343427523576,44.05422519128514,0.13736493285360984,6.0012351271194575,0.1358415432213475,-3.3312223776037286,0.23030841392261403,17.250062482711762,0.34664272076511643,-0.09834887,-0.027062153,-0.011774934,-0.015614133,0.022158584,-0.14492267,-0.35092577,0.34163252,,,
1361253153907742848,259.11484603449026,0.10468264043768503,43.978314470919464,0.1397379649221004,8.518340876777117,0.12792040122484336,-62.46618198653336,0.24245140995140962,173.3215029670959,0.29377280059816435,0.15222856,-0.11831025,-0.0033876793,-0.11697869,-0.020910125,-0.42161646,-0.25677836,0.15930137,,,
1361236012693978368,258.4269968336285,0.16074222375916566,43.8173692105484,0.1863818274757403,6.206844307909155,0.197650174770966,-21.09409289481101,0.3503096614219403,37.46464205163832,0.4331534771592354,-0.031146748,-0.08238676,0.019465571,-0.09085012,0.05220368,-0.048008725,-0.36591652,-0.08282187,,,
1361232611079876608,258.41866729987515,0.16072809758457543,43.75708139999664,0.18929589112018827,9.049366399369605,0.19057500180612255,-20.903450331240673,0.36574522450718266,-0.30501456554497175,0.4512328190002528,-0.06765024,0.018103868,-0.019877795,-0.05482697,0.010062307,0.093091875,-0.23182367,-0.10155788,,,2.372
1361266077465128064,258.99874900852245,0.019236678644100315,44.05572841426804,0.022435504973630404,9.800209437329535,0.02258583263529714,-28.092242688210423,0.04163523773386412,-122.23984298675398,0.04422477221430363,-0.051986508,-0.01692389,-0.08485086,0.06694908,-0.11908382,-0.31387657,-0.17168906,-0.16376767,,,0.028
1361227044802240768,258.78990049109535,0.055738585992470426,43.814063895284065,0.06608081419307824,5.403237852498698,0.06874568370073887,-22.25230785105164,0.12303547411009756,-0.06199604221010976,0.13552420811973975,-0.05239228,-0.06288425,0.011060638,0.24176727,-0.09482262,-0.2366682,-0.2998494,0.018421791,,,0.04
1361217252276803072,258.6475738751617,0.011200572730933264,43.664295345645264,0.013894448662448752,6.114698640759475,0.013878246335301287,-6.438476513652123,0.023504890701583795,-16.043572315556013,0.027212627416143432,-0.21159051,-0.037570752,9.877158E-4,0.3231145,-0.089887135,-0.28382763,-0.14378451,-0.08135697,17.17173472348091,1.3519281420752192,0.215
1361250130251506688,259.1254027462118,0.17625233221118655,43.96361921681776,0.21186141833089855,7.320997861327672,0.20781672792616626,-18.89854927541276,0.4215036856153772,35.46943306411337,0.4655313964829427,0.16891895,-0.16850752,0.020345936,-0.11200361,-0.007785782,-0.3511982,-0.20068595,0.20484835,,,
1361252436648971136,259.29674660782865,0.017226418705481895,44.060517871698046,0.02287621910413512,5.678702157146325,0.02034444960283334,-36.92980053799352,0.03555958161407185,-8.08707126462932,0.044443824794407956,-0.065306805,-0.07032531,-0.14299262,0.14027531,-0.1983135,-0.38206857,-0.17756414,-0.038641628,-34.21647688449695,0.7640290149996962,
1361227624621975936,258.68071891910495,0.16320116554995354,43.807082933533955,0.20761291270870225,5.823492276109233,0.20753742096601524,10.044970656861384,0.35441265735644245,-44.158230766019926,0.40758430733960405,-0.045945402,-0.08189827,-0.056035724,0.3064582,-0.18162645,-0.2985969,-0.3198307,-0.16774872,,,
1361257036557343616,259.3609469262077,0.05066716862907427,44.033080268116414,0.06962250646534253,7.2319735650819315,0.06221983489913845,6.835034608464321,0.10961864092059058,-40.23446473252966,0.13808347668905108,0.17566003,-0.14585079,-0.13708344,-0.074170716,-0.16013661,-0.36423826,-0.27357638,0.08006898,,,
1361243434397674880,258.9406916232995,0.04309975824476409,44.059390651622735,0.04425217803807046,6.3169849477516715,0.04833703233939731,29.176798159903022,0.09446038826695483,-0.4092105598858165,0.0911493999319074,-0.0677145,0.04323688,-0.045806073,0.14882275,-0.084009655,-0.29653966,-0.086320564,-0.24249129,,,0.3017
1361254562656781824,259.0790201414068,0.016827433031842868,44.054369484648824,0.020466617960912037,6.253681099163623,0.01967578277712285,-5.8309339137109015,0.035771378104897014,18.370341126405435,0.04301951833964523,-0.12076668,-0.10373438,-0.10383939,0.01630036,-0.11191411,-0.31413943,-0.14671586,-0.028917696,-26.89010440510722,7.144632154914685,0.31
1361252436648971776,259.29256024872814,0.01738429992889943,44.06060356017748,0.02173569582883126,5.664755238756053,0.02056575701850406,-37.10707266795483,0.036006773487804976,-8.46091634280732,0.04591540912300892,-0.13630056,-0.12704365,-0.10788629,0.10966301,-0.12649749,-0.30918834,-0.15085109,0.07487687,-35.13472804960585,1.6255396569294491,0.032
1354157253755685632,258.5701047756642,0.049611353882029356,42.321441980488125,0.05913640719846996,5.295513196203877,0.061419721442067365,-58.7809286316166,0.10430516095320898,-36.400983384806196,0.12115662021899051,-0.11250835,-0.0047393097,-0.032331046,0.209683,-0.108283386,-0.12113123,-0.26533607,-0.13609418,,,
1354450647265192704,258.22874691361864,0.020428212628834173,43.155947942259,0.02252062362733591,5.245696997598236,0.024174940308783758,9.657378812996283,0.043393500725201484,10.335965256494287,0.04345698718193267,-0.09410379,-0.25595137,-0.026177168,0.18204994,-0.09486735,-0.31265348,-0.09846753,-0.3470953,,,0.0225
1354455423269730688,258.28473951716666,0.24907695616089282,43.228648864377895,0.24566744576002505,7.6989915499918915,0.27081903579790517,-51.75297435177569,0.555454248224205,43.06460987654569,0.5524057125845141,0.21811673,-0.24253555,-0.05933321,-0.16285232,0.0039561717,-0.14934388,-0.25066018,-0.092525214,,,
1354432097302486912,258.2398646635642,0.02638607833396054,42.90735872629994,0.030781506180861097,5.266857070432802,0.03278346961277592,17.405437508269046,0.059771811867888776,-20.203079989757626,0.06314846195599735,-0.15679361,0.05787629,-0.00206811,0.28635362,-0.07322461,-0.07392481,-0.1280386,-0.06948901,,,0.328
1354426634104100608,258.09058440240426,0.054656809203838946,42.862588404244335,0.05997231619534462,7.405934553626035,0.06398667966524069,3.8213051235069937,0.11783483756000848,-44.0733392150998,0.12367062159985509,-0.1854144,-0.050257396,-0.07774087,0.104547165,-0.13705342,-0.18772794,-0.223687,-0.10408461,,,0.706
1354381451048216832,258.44401797563216,0.05181089929143316,42.79684490901619,0.06163462221755997,5.851254804557854,0.06406062965605187,-68.18262449388601,0.10923381503949962,22.462976922774246,0.1236103300910632,-0.29794833,-0.018612798,-0.09151555,0.18598764,-0.18769054,-0.21605732,-0.2311438,-0.09641257,,,0.2285
1354436357910142080,258.2645195894967,0.02189429468330462,43.01408442109721,0.023613280436133068,7.263628166969175,0.026766464680298533,-17.575924830366365,0.0454209854316101,26.46128383185045,0.04852078563132079,-0.25257567,-0.082945295,0.038344022,0.2681958,-0.08371263,-0.1989515,-0.22271927,-0.24946742,-21.846743874099836,0.7432017493151489,0.2527
1354362312673806720,258.2621266675331,0.012489139214841294,42.51708919025244,0.015001046812589295,8.27082986666438,0.015487954596282997,-3.466792442239856,0.025377209415090255,54.683548529790244,0.03302502619652883,-0.24068177,-0.07184196,-0.009063792,0.105123684,-0.0743814,-0.15799128,-0.22034241,-0.17135094,-24.604336190051335,0.775224293011454,0.046
1354444191930501760,258.0232118727443,0.043788194311839085,43.05856123774883,0.04251053929548764,6.35899705062006,0.04738318398315763,-18.63889224957892,0.09124214539984876,-4.928159814928607,0.08797317216305092,-0.20178239,-0.03131522,-0.060541563,0.15867868,-0.12029227,-0.25368544,-0.1077362,-0.03557697,,,0.149
1354430551114289920,258.0362552797148,0.033614696939477925,42.9284583036731,0.03280732542960526,6.129799977901432,0.036751624598199584,-20.961674173375787,0.0677424598750928,-16.586167237868974,0.06822664919730918,-0.28475353,-0.02536231,-0.02063628,0.046201423,-0.05689038,-0.2923012,-0.15387727,0.028810177,,,0.2593
1354365164532078976,258.5239775179413,0.019588020265824718,42.68060642401346,0.020027064768202808,6.755276820760478,0.020424660598550245,-21.31987095607574,0.03924724207599982,-87.74531521779866,0.04051500441060067,-0.27293807,-0.435257,-0.03781958,0.14294764,-0.023327218,-0.4282005,-0.12522271,0.077240065,21.15882987617615,2.3504791270316376,0.2127
1354456046040249088,258.3548394612011,0.03172901188591931,43.2947523935033,0.034271043618394115,15.508374588993249,0.03664097188091668,-12.504050574279875,0.07097165679015237,-88.80872776402103,0.08071733376137645,-0.024366325,-0.18004854,0.011385627,-0.056469414,0.031197486,-0.048774138,-0.21599849,-0.18099438,,,
1354373926265405696,258.1880422211116,0.016826190589151423,42.68682319891055,0.0178196394718372,9.20448029248925,0.020186348365576937,-18.5276848501124,0.03502286808583337,-34.22147157602207,0.03467845025027914,-0.3137483,-0.15608396,-0.022111489,0.15325777,-0.17350721,-0.25879592,-0.2222852,-0.32024136,,,0.457
1354431169589654272,258.1071371649725,0.12318690137929471,42.99473793976188,0.12186456275612809,6.198007717458745,0.13824424730661286,36.56485185107979,0.2516377603724478,-44.626263511072054,0.2570306932533872,-0.21525809,0.088966295,0.0058727246,0.24730945,-0.1008144,-0.18398927,-0.17233749,-0.13794371,,,
1354448899214711936,258.14100641127584,0.019100345644037856,43.039935552593526,0.020116348483375436,5.377167640640248,0.022417390656929662,19.325362512869035,0.039078548741968644,12.999031474773526,0.03926028542066524,-0.23600902,-0.16220568,0.037342664,0.20225537,-0.056237616,-0.2875203,-0.11352909,-0.26917973,-9.186440350224295,1.2303730438936942,0.024
1354436220471188864,258.2217865807581,0.020635581909597828,42.97838436967253,0.026202717930871314,9.20567594462742,0.025290136387403333,-110.42102478256214,0.043375238046584705,-11.217098124542687,0.04858104463780196,-0.22914118,-0.070311174,-0.039742764,0.02913878,-0.12704419,-0.38043135,-0.089901716,-0.18127857,,,0.586
1354378118153501440,258.16731376345575,0.04158047387380876,42.7757602019542,0.04641451869535929,5.12118205659804,0.04919629636944925,1.3083698692541472,0.0961461897449594,-27.84827410140353,0.09280859825530191,-0.11372,0.054478414,-0.015516402,0.2315557,-0.14355093,-0.23961943,-0.25902137,-0.20480879,,,1.0247
1355198972302736384,257.9400248861076,0.045428226684726326,43.152824479176786,0.04992243376548005,5.108615549055413,0.05248158322189491,51.08740452875155,0.09617554087212492,44.13039931831298,0.09136214924117093,-0.06529152,-0.11299818,-0.11113667,0.35814166,-0.20684266,-0.34300682,-0.17883895,-0.14078823,,,0.1915
1355225772898704384,258.3271019467527,0.017262801999597042,43.60326782735041,0.01911827564002858,14.567672327394773,0.020296986157613935,31.746205655070646,0.03557673073341977,-122.81585654945505,0.03897840923937023,-0.2621134,0.08589044,0.030405251,0.052620683,-0.040637553,-0.16961692,-0.19436675,-0.10841062,,,0.1867
1355208902267159680,258.20787283934055,0.016284120186827955,43.39950814336407,0.016243327666130503,7.584514527424725,0.017645433412336053,-52.6963904607061,0.03533916086650013,-65.18145546458038,0.034565717520119055,-0.2597355,-0.039845277,0.11073281,-0.026971415,0.07487048,-0.28229028,-0.09860412,-0.10448192,,,0.59
1355231064298433408,258.21489563284354,0.0202187969882088,43.7469541445225,0.02351311011250411,9.28574503486998,0.023969633725007666,-1.33257101450112,0.043648759475993934,-147.8132968617299,0.04819929235527363,-0.051289435,-0.11515851,-0.08007002,0.10695983,-0.1361932,-0.3068896,-0.27411878,-0.1542968,,,0.2807
1355230475887667200,258.28381878208836,0.06953364302085556,43.733200433546266,0.07882236997429676,7.069776486468526,0.08167809033852079,41.43536996821605,0.1504041701041884,-50.773714762362076,0.17281654042660285,-0.06435935,-0.07473606,-0.012053025,0.043543458,-0.048688643,-0.24244645,-0.2690644,-0.0152118895,,,
1355206836387212160,258.1043827471267,0.05992716533590398,43.33947617864072,0.05888088231735857,10.354082518067358,0.06286345267692037,-19.864297954917816,0.1335652621699252,10.12597889649653,0.12115478962933929,-0.03239444,0.0063057817,-0.015454105,-0.0076275645,-0.039098106,-0.30751178,-0.03474324,0.006135226,,,0.255
1355224875250131968,258.1111889083616,0.19808094460953385,43.5690606994188,0.2167060872329658,6.0029255380727555,0.22724452219826985,-39.678012520725645,0.4193435121453538,-0.6441555595434252,0.47660247523584215,0.037721172,0.021369066,-0.038079202,-0.19467963,-0.11086888,-0.3756121,-0.12566674,0.26227868,,,
1355209894403577728,258.1227439462133,0.09519735719703666,43.3704302293178,0.09120669847036465,9.385199340301252,0.10001421556163897,-48.44984380621606,0.22492735605294042,-35.65939713218346,0.20607650445172584,-0.15468271,-0.122467235,0.039410558,0.0754823,0.038038444,-0.22513564,0.10903078,-0.0132522825,,,0.578
1355203232910297728,257.9659686881022,0.022539835497892576,43.261346934339976,0.024412313293948683,24.553504431777277,0.026090440595152642,-101.26755818248449,0.04982362214465005,-185.69973755055196,0.04670596244870052,-0.08962607,-0.10503282,-0.09510363,0.31760904,-0.15263964,-0.36693564,-0.06933546,-0.25301507,,,0.09
1355203232910297600,257.965857132481,0.05411854069481192,43.2607551517507,0.05112865168161945,24.454919685719112,0.05624007955481273,-112.47984972524381,0.12485364439117416,-184.51308651936375,0.10161006554972452,-0.12267842,-0.13404259,-0.13773085,0.20410617,-0.17603649,-0.33348948,0.039311167,-0.13389426,,,
1348119281356151040,259.8906729389803,0.26915836016409844,42.41674711443659,0.2838749242859954,5.95334897733196,0.28859956470475007,-10.76738192001265,0.6383830542463635,23.28918358287759,0.5722038542428727,0.090691335,0.1516659,-0.04461205,-0.036467437,-0.13060617,-0.3148506,-0.03187376,0.068197556,,,
1348104197430849280,259.86819496935533,0.1286856203532312,42.25491224998909,0.16063031496905605,7.109828839374444,0.15352368682146647,12.463499136401918,0.2918241946544515,-56.319381017396225,0.3347286375643079,-0.12707575,-0.021126142,0.009640189,0.10210977,-0.04106921,-0.38084403,0.0069980207,0.049960826,,,
1348113788093481856,259.5752786158501,0.13777087478872907,42.273671155753526,0.17547351498293792,5.681743669410854,0.1671285125804692,26.485019801410814,0.2987151497407459,61.43048264359908,0.3949504872775593,-0.055435136,0.030924022,-0.045663998,-0.13042547,-0.08104237,-0.25333393,-0.093705975,0.053976193,,,
1348119281356064256,259.88860859173707,0.05496360771448854,42.41535643671761,0.059199734639828444,5.842984538551059,0.061783137840170255,-11.70727508490588,0.126560838175004,23.628372244115056,0.13080521440202636,0.10023112,0.016760232,-0.056626406,0.0052497988,-0.07346404,-0.1620543,-0.0731829,-0.034940623,,,0.047
1348201298051268224,260.17458939971476,0.14620313637871227,42.485478832869035,0.16809382104785026,6.9752852381420585,0.1707902701015664,-64.77925970724786,0.33816405587915854,69.44870137073443,0.34653370768503483,0.048112366,0.038634863,-0.11662383,0.20967937,-0.15946044,0.003487238,-0.061967555,0.12859394,,,
1348202260123969664,260.30053203513256,0.08921400043054141,42.506783866001065,0.09765746407396891,5.760401498594949,0.10347774892264018,-1.173351289533868,0.2086092271332158,-1.239532565082012,0.20279115422562116,0.035684086,-0.07651585,-0.06163183,0.23498945,-0.115956664,-0.15044148,-0.12655778,0.12008171,,,
1348219925324997248,260.30467356197687,0.09451198503755087,42.730600887751834,0.10967805858733216,6.034839127381087,0.1222377066669525,-3.7384464938799193,0.19742943041903593,-3.4859438463610486,0.202231927639368,-0.049447495,-0.024143348,-0.035689786,0.4345364,-0.17703302,-0.109651655,-0.29075837,0.1502002,,,
1348199275122214784,260.0848318888417,0.03029900884663469,42.344757686002914,0.02967735229744679,7.746847198993282,0.03168097652237089,24.118492966678332,0.06459150681803975,-27.47728376618098,0.05816280251294225,0.13150853,0.31895405,-0.21927877,0.10306301,-0.20885552,-0.1727475,0.087379314,-0.21978948,-37.949854989006646,1.3085966395446975,1.5243
1348203226492127360,260.32611449292,0.05867581691954139,42.5608725824934,0.06035194809825961,6.463924184996749,0.06587811213044824,25.373436494432298,0.12786009715077454,-52.477807152241496,0.11456776899156283,0.07921908,-0.3687665,-0.024689317,0.22303294,-0.0717369,-0.22701436,-0.29820526,0.10078526,,,0.1803
